<?xml version="1.0" encoding="UTF-8" standalone="yes"?>
<manifest>
  <control namespace="PDFViewerControl" constructor="PDFViewerControl" version="0.0.1" display-name-key="PDFViewerControl" description-key="PDFViewerControl description" control-type="standard" api-version="1.3.4">
    <external-service-usage enabled="false"/>
    <property name="fileurl" display-name-key="fileurl_Display_Key" description-key="fileurl_Desc_Key" of-type="SingleLine.Text" usage="bound" required="true"/>
    <resources>
      <code path="bundle.js" order="1"/>
    </resources>
    <built-by name="pac" version="1.19.3"/>
  </control>
</manifest>